{"cameraMode":{"drawMode":0,"name":"Shaded","section":"Shading Mode"},"sceneLighting":false,"audioPlay":false,"sceneViewState":{"m_AlwaysRefresh":false,"showFog":true,"showSkybox":false,"showFlares":true,"showImageEffects":true,"showParticleSystems":true,"showVisualEffectGraphs":true,"m_FxEnabled":true},"in2DMode":false,"pivot":{"x":-2.294650077819824,"y":0.7128589749336243,"z":1.0497493743896485},"rotation":{"x":-0.01943296566605568,"y":-0.8952606916427612,"z":0.039249368011951449,"w":-0.4434385299682617},"size":0.027960777282714845,"orthographic":false}