{"cameraMode":{"drawMode":0,"name":"Shaded","section":"Shading Mode"},"sceneLighting":true,"audioPlay":false,"sceneViewState":{"m_AlwaysRefresh":false,"showFog":true,"showSkybox":true,"showFlares":true,"showImageEffects":true,"showParticleSystems":true,"showVisualEffectGraphs":true,"m_FxEnabled":true},"in2DMode":false,"pivot":{"x":-0.7328673601150513,"y":0.5187558531761169,"z":-0.5840142369270325},"rotation":{"x":-0.01783154346048832,"y":-0.9184198379516602,"z":0.04163771867752075,"w":-0.3930664658546448},"size":1.2259807586669922,"orthographic":false}